iter	RMSE
0	1824.253546
1	1639.102528
