,clarity,label
0,IF,1.4571541214398462
1,VVS1,0.9843619229927061
2,VVS2,0.6716998814138317
3,VS1,0.2058619404570335
4,VS2,-0.015911870907792374
5,SI1,-0.6234354373436615
6,SI2,-1.0749213470100094
7,I1,-1.6048092110419547
