,clarity,label
0,IF,1.0104535986246719
1,VVS1,0.6206209532618817
2,VVS2,0.394129081097316
3,VS1,0.076686714999918
4,VS2,-0.07668671499991797
5,SI1,-0.49100296157934803
6,SI2,-0.8185202262968561
7,I1,-1.2539213941610814
