,clarity,label
0,IF,0.9988431340320887
1,VVS1,0.8515229725490163
2,VVS2,0.7488457041256004
3,VS1,0.5968878623641409
4,VS2,0.5241873719302763
5,SI1,0.32382644779961606
6,SI2,0.17694986874647642
7,I1,0.012152553329023914
