,color,label
0,D,1.3004178534891842
1,E,0.9031355963123955
2,F,0.5636535705622642
3,G,0.11954495104022289
4,H,-0.31372597385980305
5,I,-0.9500125701443621
6,J,-1.6230134273999024
