,color,label
0,D,0.982138924892097
1,E,0.8534376197556895
2,F,0.7398167705998059
3,G,0.5908612475888733
4,H,0.4427586708712455
5,I,0.2269052837863565
6,J,0.007569923002568083
