,color,label
0,D,0.8976843957895477
1,E,0.5739394796674727
2,F,0.3212490497578923
3,G,-0.0032225591926601242
4,H,-0.3135410961868246
5,I,-0.7848977217008452
6,J,-1.3477006503332962
