,cut,label
0,Ideal,1.8640512161575056
1,Premium,0.2414695855137157
2,Very Good,0.0854830463315263
3,Good,-0.5193795004459723
4,Fair,-1.79570329155822
