,cut,label
0,Ideal,1.1605661559748341
1,Premium,0.2690163940536771
2,Very Good,0.09978078632927392
3,Good,-0.4404524904884234
4,Fair,-1.0889108458693615
