,cut,label
0,Ideal,0.908899963068651
1,Premium,0.6043365087688701
2,Very Good,0.5402551591356118
3,Good,0.349413860601734
4,Fair,0.1304648399611048
